fourSourcesToOcto;0;23636477;2.18536
fourSourcesToOcto;1;31884740;2.1688
fourSourcesToOcto;2;13862446;2.31561
fourSourcesToOcto;3;9827281;2.11801
oneSourceToStereo;0;13138769;2.76792
oneSourceToStereo;1;32845657;2.68012
oneSourceToStereo;2;12162149;2.74053
oneSourceToStereo;3;13244909;2.71713
dbmeter;0;0;0.0634
dbmeter;1;0;0.063894
dbmeter;2;0;0.063456
dbmeter;3;0;0.064041
FFT;0;259969547;10.4989
FFT;1;261753428;9.4113
FFT;2;232976071;10.7015
FFT;3;120012800;9.21387
spectralLevel;0;3661216180;10.8219
spectralLevel;1;520419742;10.7413
spectralLevel;2;3470846605;10.7659
spectralLevel;3;3058983112;9.55203
spectralTiltLab;0;3411604558;15.3873
spectralTiltLab;1;418367112;14.1808
spectralTiltLab;2;2141494621;15.3089
spectralTiltLab;3;2173997291;14.2757
vumeter;0;14835;0.090731
vumeter;1;17832;0.090748
vumeter;2;2366;0.090739
vumeter;3;2399;0.090737
AdditiveSynth_Analog;0;23324828;0.205582
AdditiveSynth_Analog;1;16808445;0.206217
AdditiveSynth_Analog;2;17724502;0.349379
AdditiveSynth_Analog;3;13177508;0.201711
AdditiveSynth;0;23324828;0.209493
AdditiveSynth;1;16808445;0.208913
AdditiveSynth;2;17724502;0.349684
AdditiveSynth;3;13177508;0.20188
crossDelay2;0;43681624;3.12623
crossDelay2;1;45194390;2.02793
crossDelay2;2;35173486;2.15874
crossDelay2;3;33030761;2.26974
FMSynth2_Analog;0;684160;0.894226
FMSynth2_Analog;1;804848;0.987736
FMSynth2_Analog;2;628110;0.929098
FMSynth2_Analog;3;600817;0.881256
FMSynth2;0;704575;0.921008
FMSynth2;1;828490;0.9358
FMSynth2;2;656183;0.91197
FMSynth2;3;625078;0.875516
FMSynth2_FX_Analog;0;684160;0.950619
FMSynth2_FX_Analog;1;804848;0.874578
FMSynth2_FX_Analog;2;628110;0.887364
FMSynth2_FX_Analog;3;600817;0.778749
FMSynth2_FX;0;704575;0.95868
FMSynth2_FX;1;828490;0.949549
FMSynth2_FX;2;656183;0.908874
FMSynth2_FX;3;625078;0.83898
FXChaine2;0;395139786;7.42056
FXChaine2;1;451436094;7.18267
FXChaine2;2;361169718;6.03924
FXChaine2;3;351398137;7.24844
GrainGenerator;0;4729379;2.02313
GrainGenerator;1;5657984;1.9162
GrainGenerator;2;3654747;1.8609
GrainGenerator;3;3516648;1.94762
granulator;0;327496;0.494136
granulator;1;532951;0.746765
granulator;2;297280;0.486101
granulator;3;303463;0.496686
repeater;0;229410;0.474776
repeater;1;335346;0.489369
repeater;2;159517;0.481643
repeater;3;156624;0.481905
simpleFX_Analog;0;27257973;1.58806
simpleFX_Analog;1;26682758;2.97218
simpleFX_Analog;2;23402698;1.53019
simpleFX_Analog;3;22008507;2.91005
simpleFX;0;27257973;1.66095
simpleFX;1;26682758;2.91163
simpleFX;2;23402698;1.5428
simpleFX;3;22008507;2.97495
simpleSynth_Analog;0;3989524;0.910142
simpleSynth_Analog;1;4107807;0.832621
simpleSynth_Analog;2;3603097;0.922606
simpleSynth_Analog;3;3516486;0.895462
simpleSynth;0;3952894;0.910239
simpleSynth;1;4079625;0.841454
simpleSynth;2;3569531;0.922723
simpleSynth;3;3484812;0.895428
simpleSynth_FX_Analog;0;3989524;0.918944
simpleSynth_FX_Analog;1;4107807;0.841737
simpleSynth_FX_Analog;2;3603097;0.922725
simpleSynth_FX_Analog;3;3516486;0.89588
simpleSynth_FX;0;3952894;0.947411
simpleSynth_FX;1;4079625;0.841718
simpleSynth_FX;2;3569531;0.922628
simpleSynth_FX;3;3484812;0.89557
trill_simple_monophonic_keyboard;0;359771;1.02628
trill_simple_monophonic_keyboard;1;477912;0.912411
trill_simple_monophonic_keyboard;2;220911;0.921888
trill_simple_monophonic_keyboard;3;256986;0.992358
trill_simple_polyphonic_keyboard;0;342259;0.976443
trill_simple_polyphonic_keyboard;1;437982;0.872757
trill_simple_polyphonic_keyboard;2;190498;0.886741
trill_simple_polyphonic_keyboard;3;208117;0.889248
WaveSynth_Analog;0;817100;1.31626
WaveSynth_Analog;1;818707;1.41088
WaveSynth_Analog;2;568520;1.30832
WaveSynth_Analog;3;543845;1.30933
WaveSynth;0;817100;1.33632
WaveSynth;1;818707;1.40853
WaveSynth;2;568520;1.33669
WaveSynth;3;543845;1.32708
WaveSynth_FX_Analog;0;817100;1.30181
WaveSynth_FX_Analog;1;818707;1.37624
WaveSynth_FX_Analog;2;568520;1.30549
WaveSynth_FX_Analog;3;543845;1.30906
WaveSynth_FX;0;817100;1.30458
WaveSynth_FX;1;818707;1.37215
WaveSynth_FX;2;568520;1.32117
WaveSynth_FX;3;543845;1.33535
echo;0;3323;0.102081
echo;1;4787;0.10208
echo;2;1056;0.102088
echo;3;915;0.102082
quadEcho;0;13523;0.160254
quadEcho;1;21519;0.160021
quadEcho;2;8050;0.159164
quadEcho;3;7690;0.159484
smoothDelay;0;95891;0.22851
smoothDelay;1;139985;0.228858
smoothDelay;2;74819;0.22671
smoothDelay;3;66448;0.2286
stereoEcho;0;5283;0.102468
stereoEcho;1;8363;0.107116
stereoEcho;2;2112;0.105697
stereoEcho;3;1912;0.105804
tapiir;0;5793740;0.627067
tapiir;1;2623403;0.741043
tapiir;2;4742291;0.652476
tapiir;3;3522152;0.753634
compressor;0;525878;1.60678
compressor;1;611777;1.61081
compressor;2;379893;1.6082
compressor;3;372287;1.60256
distortion;0;40296;0.270625
distortion;1;57125;0.249918
distortion;2;31269;0.278698
distortion;3;28375;0.272981
gateCompressor;0;3096477816;15.5805
gateCompressor;1;4091312197;13.967
gateCompressor;2;;
gateCompressor;3;1846886038;14.8854
noiseGate;0;451635;0.20322
noiseGate;1;531444;0.213928
noiseGate;2;360405;0.21392
noiseGate;3;355326;0.213144
volume;0;2728;0.050291
volume;1;3786;0.050271
volume;2;1004;0.050291
volume;3;852;0.050273
APF;0;18064;0.122173
APF;1;26422;0.122177
APF;2;10676;0.122187
APF;3;10744;0.122179
bandFilter;0;81415;0.115589
bandFilter;1;79645;0.116653
bandFilter;2;55434;0.118614
bandFilter;3;54961;0.115523
BPF;0;18110;0.100457
BPF;1;20146;0.103138
BPF;2;8245;0.10048
BPF;3;8180;0.100479
cryBaby;0;62547;0.206292
cryBaby;1;95203;0.204248
cryBaby;2;35542;0.199794
cryBaby;3;31725;0.202025
diodeLadder;0;2640394;2.58037
diodeLadder;1;2594005;2.64613
diodeLadder;2;2316576;2.55682
diodeLadder;3;2253725;2.53022
DNN;0;716142;0.132678
DNN;1;1378632;0.124882
DNN;2;452268;0.131987
DNN;3;529824;0.129862
filterBank;0;970159090;10.2589
filterBank;1;1145186076;8.43894
filterBank;2;937076271;10.3221
filterBank;3;923668446;9.81605
graphicEqLab;0;970317816;24.8602
graphicEqLab;1;3177234703;22.6426
graphicEqLab;2;;
graphicEqLab;3;3962249770;24.7335
highShelf;0;64596;0.093282
highShelf;1;62922;0.093291
highShelf;2;38828;0.093319
highShelf;3;38524;0.093271
HPF;0;19622;0.101102
HPF;1;27305;0.101551
HPF;2;11161;0.10154
HPF;3;10956;0.101538
korg35HPF;0;237048;1.2196
korg35HPF;1;258918;1.34215
korg35HPF;2;184016;1.30801
korg35HPF;3;178604;1.26236
korg35LPF;0;218654;1.17676
korg35LPF;1;230562;1.21976
korg35LPF;2;148441;1.21457
korg35LPF;3;149705;1.23598
lfBoost;0;43586;0.094965
lfBoost;1;51621;0.093288
lfBoost;2;30006;0.101098
lfBoost;3;30778;0.095647
lowBoost;0;42652;0.093244
lowBoost;1;51460;0.095788
lowBoost;2;29700;0.095709
lowBoost;3;30354;0.093267
lowCut;0;74451;0.093179
lowCut;1;97886;0.093191
lowCut;2;62947;0.090788
lowCut;3;63234;0.090793
lowShelf;0;72401;0.09327
lowShelf;1;67973;0.093277
lowShelf;2;45370;0.093004
lowShelf;3;46762;0.093299
LPF;0;21243;0.101021
LPF;1;25833;0.101018
LPF;2;11368;0.101032
LPF;3;11359;0.103419
moogHalfLadder;0;454227;1.3172
moogHalfLadder;1;420998;1.35872
moogHalfLadder;2;373075;1.31714
moogHalfLadder;3;349666;1.3195
moogLadder;0;343206;1.0769
moogLadder;1;309110;1.13058
moogLadder;2;280691;1.06437
moogLadder;3;274662;1.09295
moogVCF;0;6399691;2.68109
moogVCF;1;7403019;2.60356
moogVCF;2;5567787;2.66948
moogVCF;3;5863928;2.58167
multibandFilter;0;44133735;0.533031
multibandFilter;1;37585809;0.522301
multibandFilter;2;39773849;0.519514
multibandFilter;3;39014080;0.493827
notch;0;14148;0.101575
notch;1;21021;0.104209
notch;2;6654;0.10156
notch;3;6548;0.104228
oberheimBPF;0;95914;1.12536
oberheimBPF;1;153521;1.11796
oberheimBPF;2;100641;1.14599
oberheimBPF;3;90486;1.14555
oberheimBSF;0;101335;1.13534
oberheimBSF;1;159490;1.14316
oberheimBSF;2;103095;1.15377
oberheimBSF;3;92561;1.14117
oberheim;0;131944;1.16767
oberheim;1;199678;1.21467
oberheim;2;120778;1.15516
oberheim;3;113895;1.19219
oberheimHPF;0;100369;1.05535
oberheimHPF;1;155130;1.11276
oberheimHPF;2;101742;1.12628
oberheimHPF;3;91505;1.09198
oberheimLPF;0;96712;1.09137
oberheimLPF;1;157738;1.14652
oberheimLPF;2;101947;1.11835
oberheimLPF;3;91573;1.14702
parametricEqLab;0;1875301235;21.0679
parametricEqLab;1;458108870;19.2538
parametricEqLab;2;31333854;20.7587
parametricEqLab;3;4145757372;20.4347
parametricEqualizer;0;3006715;1.6867
parametricEqualizer;1;2930097;1.69298
parametricEqualizer;2;2406953;1.74445
parametricEqualizer;3;2384500;1.69478
peakingEQ;0;37091;0.09324
peakingEQ;1;47555;0.093266
peakingEQ;2;20255;0.093271
peakingEQ;3;22094;0.093265
peakNotch;0;35315;0.093266
peakNotch;1;44066;0.09327
peakNotch;2;19475;0.093247
peakNotch;3;20656;0.09326
sallenKey2ndOrderBPF;0;102609;1.01033
sallenKey2ndOrderBPF;1;118892;1.01038
sallenKey2ndOrderBPF;2;72820;1.02216
sallenKey2ndOrderBPF;3;67379;1.00931
sallenKey2ndOrder;0;125711;1.05357
sallenKey2ndOrder;1;144275;1.03162
sallenKey2ndOrder;2;84444;1.01783
sallenKey2ndOrder;3;81425;1.04173
sallenKey2ndOrderHPF;0;105702;0.997631
sallenKey2ndOrderHPF;1;119766;1.00744
sallenKey2ndOrderHPF;2;73476;1.01784
sallenKey2ndOrderHPF;3;68063;1.00653
sallenKey2ndOrderLPF;0;106776;0.998409
sallenKey2ndOrderLPF;1;123089;1.02826
sallenKey2ndOrderLPF;2;74900;1.01745
sallenKey2ndOrderLPF;3;69640;1.03363
sallenKeyOnePole;0;66267;0.946587
sallenKeyOnePole;1;85840;0.950457
sallenKeyOnePole;2;51008;0.952348
sallenKeyOnePole;3;44966;0.947538
sallenKeyOnePoleHPF;0;66267;1.00162
sallenKeyOnePoleHPF;1;85840;0.960674
sallenKeyOnePoleHPF;2;51008;0.955189
sallenKeyOnePoleHPF;3;44966;0.950074
sallenKeyOnePoleLPF;0;61912;0.926187
sallenKeyOnePoleLPF;1;78982;0.915137
sallenKeyOnePoleLPF;2;46470;0.925677
sallenKeyOnePoleLPF;3;39469;0.900405
spectralTilt;0;144561;0.209993
spectralTilt;1;119108;0.209852
spectralTilt;2;83030;0.204156
spectralTilt;3;82993;0.204152
vcfWahLab;0;3657627239;17.0915
vcfWahLab;1;870686479;15.3644
vcfWahLab;2;;
vcfWahLab;3;2055852072;15.8201
vocoder;0;1346985846;2.27049
vocoder;1;1398181068;1.92064
vocoder;2;1361668598;9.06894
vocoder;3;739148391;2.01299
wahPedal;0;37210;0.277292
wahPedal;1;43273;0.277268
wahPedal;2;21398;0.27732
wahPedal;3;21053;0.277291
bubble;0;22002643;1.95815
bubble;1;18196518;2.57061
bubble;2;18504103;1.84102
bubble;3;16453017;3.02421
complex_rain;0;23106714;2.39837
complex_rain;1;28574336;2.23794
complex_rain;2;18911491;2.38839
complex_rain;3;18452432;2.23163
door;0;17155361;1.62987
door;1;19780864;1.69335
door;2;16581440;1.67046
door;3;16349934;1.64599
fire;0;82405762;3.31209
fire;1;92193550;2.46682
fire;2;81024818;3.01454
fire;3;74580163;2.60787
insects;0;1966457535;17.4573
insects;1;2420586217;13.1569
insects;2;1896184246;16.0485
insects;3;1671868613;14.2842
rain;0;5950;0.080624
rain;1;7507;0.080067
rain;2;5978;0.080615
rain;3;5447;0.080069
thunder;0;155905741;9.07743
thunder;1;186526607;8.38703
thunder;2;149960512;10.7802
thunder;3;151564003;8.69603
windchimes;0;46509880;4.74679
windchimes;1;73222365;3.63868
windchimes;2;41424937;4.29559
windchimes;3;38293906;3.96456
wind;0;4193949;3.35629
wind;1;3726079;2.9896
wind;2;3482417;2.85522
wind;3;3486438;3.22237
churchOrgan;0;476688658;4.67539
churchOrgan;1;568372819;5.13181
churchOrgan;2;337523998;4.21134
churchOrgan;3;254775490;4.82195
filterOsc;0;47271;0.277732
filterOsc;1;62316;0.227948
filterOsc;2;29966;0.219735
filterOsc;3;30868;0.219798
noise;0;320;0.025424
noise;1;659;0.025649
noise;2;296;0.026328
noise;3;203;0.025344
noiseMetadata;0;304;0.025337
noiseMetadata;1;544;0.025316
noiseMetadata;2;189;0.025339
noiseMetadata;3;143;0.025336
osc;0;15889;0.186479
osc;1;22989;0.19256
osc;2;7451;0.186513
osc;3;8043;0.186481
osci;0;28051;0.203461
osci;1;39077;0.202427
osci;2;19502;0.203567
osci;3;19027;0.203487
sawtoothLab;0;5204502;0.809952
sawtoothLab;1;5637266;1.04806
sawtoothLab;2;4562151;0.814163
sawtoothLab;3;5042570;0.745445
virtualAnalog;0;54716501;2.28333
virtualAnalog;1;56365694;2.13156
virtualAnalog;2;57194109;2.39236
virtualAnalog;3;60203996;2.1211
virtualAnalogLab;0;1133356834;18.5525
virtualAnalogLab;1;2757700824;16.3418
virtualAnalogLab;2;;
virtualAnalogLab;3;3421494413;16.6281
autopan;0;113867;1.1368
autopan;1;157639;1.09642
autopan;2;88790;1.09117
autopan;3;86391;1.10313
capture;0;22078;0.151829
capture;1;31099;0.15167
capture;2;17913;0.153779
capture;3;17964;0.153759
drumkit;0;10165435;0.654869
drumkit;1;18558365;0.679894
drumkit;2;9678685;0.706127
drumkit;3;9148061;0.621538
guitarix;0;27579890;5.23696
guitarix;1;173703644;5.19199
guitarix;2;39780584;5.25068
guitarix;3;31565858;5.22092
inlooper;0;51993;0.445074
inlooper;1;78648;0.475048
inlooper;2;32266;0.496491
inlooper;3;28999;0.487398
matrix;0;11977371;0.14669
matrix;1;7861544;0.143244
matrix;2;10054960;0.143385
matrix;3;2377704;0.148888
midiTester;0;0;0.003888
midiTester;1;0;0.003542
midiTester;2;0;0.003962
midiTester;3;0;0.00361
mixer;0;11088811;0.371266
mixer;1;9387658;0.290771
mixer;2;8397714;0.423113
mixer;3;4751022;0.287774
statespace;0;10313561;0.44553
statespace;1;4382642;0.411888
statespace;2;7447268;0.440277
statespace;3;5386932;0.325134
switcher;0;489;0.029843
switcher;1;890;0.02981
switcher;2;801;0.029134
switcher;3;805;0.029155
tester2;0;218478;0.181425
tester2;1;361203;0.226746
tester2;2;215160;0.189127
tester2;3;204430;0.190692
tester;0;163509;0.425819
tester;1;326002;0.402554
tester;2;143020;0.428869
tester;3;139306;0.388875
UITester;0;89446;3.71177
UITester;1;122080;3.72252
UITester;2;88522;3.68373
UITester;3;54488;3.70285
freeverb;0;8603226;1.94579
freeverb;1;8125498;2.69705
freeverb;2;8777311;2.81203
freeverb;3;4400620;3.34886
fact;0;0;0.003962
fact;1;0;0.003634
fact;2;0;0.004242
fact;3;0;0.00397
fold;0;4;0.502318
fold;1;7;0.499928
fold;2;4;0.500058
fold;3;4;0.502355
mesh;0;1824;0.065519
mesh;1;1353;0.068136
mesh;2;1897;0.063435
mesh;3;1444;0.067368
serial;0;4;0.492127
serial;1;4;0.492106
serial;2;4;0.48647
serial;3;4;0.506487
sum;0;32905;0.224897
sum;1;42054;0.220527
sum;2;10345;0.231676
sum;3;7995;0.229406
flanger;0;324802;0.384742
flanger;1;424182;0.400048
flanger;2;299335;0.390459
flanger;3;285702;0.38698
phaser;0;3079379;1.4768
phaser;1;3527319;1.31992
phaser;2;2884729;1.46528
phaser;3;2693716;1.19033
phaserFlangerLab;0;3426501481;16.0849
phaserFlangerLab;1;474162380;14.4976
phaserFlangerLab;2;;
phaserFlangerLab;3;1833149778;15.0096
brass;0;4936444;1.58801
brass;1;4579582;1.23076
brass;2;3976000;1.40854
brass;3;2474957;1.23169
brassMIDI;0;4649466;1.38307
brassMIDI;1;4027706;1.22291
brassMIDI;2;3597723;1.20157
brassMIDI;3;2694747;1.10227
churchBell;0;368118778;4.31886
churchBell;1;426981319;3.74085
churchBell;2;419119729;4.19293
churchBell;3;291065598;3.88367
clarinet;0;3308462;0.783476
clarinet;1;2549461;0.687406
clarinet;2;2828508;0.769121
clarinet;3;2392523;0.742364
clarinetMIDI;0;4154268;1.33125
clarinetMIDI;1;4005064;1.24977
clarinetMIDI;2;3375570;1.33269
clarinetMIDI;3;3084663;1.32175
djembeMIDI;0;34423693;1.36288
djembeMIDI;1;38958787;1.27638
djembeMIDI;2;29426332;1.39707
djembeMIDI;3;25113902;1.39732
elecGuitarMIDI;0;16669035;2.38243
elecGuitarMIDI;1;16505950;2.46572
elecGuitarMIDI;2;14292854;2.77401
elecGuitarMIDI;3;12880131;2.35286
englishBell;0;365988098;4.38333
englishBell;1;430376392;3.98257
englishBell;2;419844890;4.23564
englishBell;3;292583224;3.92968
blowBottle;0;314956966;4.57329
blowBottle;1;413301855;4.82624
blowBottle;2;279238029;4.18432
blowBottle;3;269066632;5.88229
bowed;0;324276306;4.95769
bowed;1;445231136;5.28126
bowed;2;290792236;4.62274
bowed;3;276367252;6.09854
brass;0;332279362;4.23578
brass;1;417327130;4.41018
brass;2;287370459;3.801
brass;3;289683429;4.98799
clarinet;0;301424723;4.34598
clarinet;1;411144641;4.38061
clarinet;2;261484161;3.88294
clarinet;3;256268150;5.16002
flute;0;358768094;4.24395
flute;1;448212387;5.04306
flute;2;293863252;4.3198
flute;3;278952957;6.02447
fluteStk;0;319694609;4.10353
fluteStk;1;410090351;4.44712
fluteStk;2;270188393;3.80086
fluteStk;3;258757633;5.27187
glassHarmonica;0;332961173;4.5308
glassHarmonica;1;426938001;4.89948
glassHarmonica;2;280839473;4.86198
glassHarmonica;3;267433249;6.35688
NLFeks;0;248471539;3.95576
NLFeks;1;331624111;4.40111
NLFeks;2;227387041;3.49253
NLFeks;3;220144167;4.74205
NLFfm;0;237979774;4.0876
NLFfm;1;332731841;4.78921
NLFfm;2;207101440;4.75134
NLFfm;3;194872062;4.99695
piano1;0;2883489527;3.93967
piano1;1;4126459087;5.29833
piano1;2;;
piano1;3;549276012;5.52208
saxophony;0;286426780;4.21788
saxophony;1;374232397;4.26551
saxophony;2;250655777;3.75004
saxophony;3;248067826;5.2099
sitar;0;113550458;2.00652
sitar;1;154130551;3.44623
sitar;2;82410944;2.50517
sitar;3;72984283;4.40626
tibetanBowl;0;509328851;5.49381
tibetanBowl;1;655545499;5.98922
tibetanBowl;2;442671145;5.789
tibetanBowl;3;422766958;6.72112
tunedBar;0;315594295;4.57259
tunedBar;1;400305657;5.17893
tunedBar;2;265863309;4.65275
tunedBar;3;250298841;5.95014
uniBar;0;179462974;2.83505
uniBar;1;243097282;4.05173
uniBar;2;146276333;3.23845
uniBar;3;138625489;4.35574
1dDampedWaveEquation;0;1976379362;9.06417
1dDampedWaveEquation;1;1595137245;8.59306
1dDampedWaveEquation;2;2518530688;9.71982
1dDampedWaveEquation;3;1119770848;8.39604
BowedString;0;2949962186;16.961
BowedString;1;1380697686;12.3647
BowedString;2;2724423981;25.3717
BowedString;3;3315784860;17.4254
ControllableNonPhysicalString;0;517820833;11.4611
ControllableNonPhysicalString;1;3729737314;9.81275
ControllableNonPhysicalString;2;1960482455;16.7707
ControllableNonPhysicalString;3;2103715850;9.93571
HammeredString;0;857624812;13.728
HammeredString;1;3574032416;12.8843
HammeredString;2;266800300;26.241
HammeredString;3;1910737601;14.9572
PianoHammeredString;0;93281873;10.942
PianoHammeredString;1;3699928290;9.39455
PianoHammeredString;2;4093151998;13.9184
PianoHammeredString;3;2917980481;11.3713
StiffString;0;488185462;13.3544
StiffString;1;3673529698;11.5068
StiffString;2;1891163708;15.5773
StiffString;3;2101538653;11.0369
flute;0;12676155;1.35909
flute;1;10605962;1.14036
flute;2;10800362;1.23147
flute;3;7934853;1.30981
fluteMIDI;0;15192507;1.63909
fluteMIDI;1;12904101;1.32572
fluteMIDI;2;12983571;1.44058
fluteMIDI;3;9579680;1.465
frenchBell;0;365988098;4.28411
frenchBell;1;430376392;3.92533
frenchBell;2;419844890;4.21996
frenchBell;3;292583224;3.92168
germanBell;0;365988098;4.28451
germanBell;1;430376392;3.91305
germanBell;2;419844890;4.22018
germanBell;3;292583224;3.92026
guitarMIDI;0;13300191;2.09084
guitarMIDI;1;12522907;2.25772
guitarMIDI;2;11359417;2.60251
guitarMIDI;3;9626656;2.1085
karplus;0;1013640;0.773455
karplus;1;980567;0.724715
karplus;2;775306;0.775695
karplus;3;672280;0.804052
marimbaMIDI;0;680310660;5.30255
marimbaMIDI;1;789264387;3.88415
marimbaMIDI;2;831279377;3.88159
marimbaMIDI;3;617835661;2.99232
harmonicOscillator2;0;2876;0.182284
harmonicOscillator2;1;8304;0.182309
harmonicOscillator2;2;3287;0.226689
harmonicOscillator2;3;2971;0.226689
harmonicOscillator3;0;3205;0.18227
harmonicOscillator3;1;8387;0.182287
harmonicOscillator3;2;3290;0.226689
harmonicOscillator3;3;2986;0.226689
harmonicOscillator;0;1126;0.090677
harmonicOscillator;1;3460;0.090677
harmonicOscillator;2;1373;0.090677
harmonicOscillator;3;1134;0.090677
paramOsc;0;1126;0.090677
paramOsc;1;3460;0.090677
paramOsc;2;1373;0.090677
paramOsc;3;1134;0.090677
audioParamOsc;0;24539;0.095856
audioParamOsc;1;40178;0.095928
audioParamOsc;2;11334;0.095927
audioParamOsc;3;12399;0.095921
hammerOsc;0;80415;0.336345
hammerOsc;1;135201;0.372133
hammerOsc;2;76263;0.329624
hammerOsc;3;74386;0.339878
bouncingOsc;0;40479;0.299221
bouncingOsc;1;81665;0.305439
bouncingOsc;2;43078;0.29935
bouncingOsc;3;40366;0.293003
pluckedOsc;0;41666;0.34918
pluckedOsc;1;91491;0.340084
pluckedOsc;2;40309;0.370367
pluckedOsc;3;40835;0.370363
bowedOsc;0;76020;0.238013
bowedOsc;1;140679;0.238033
bowedOsc;2;66181;0.299546
bowedOsc;3;61520;0.262168
nlOsc;0;100737;0.354167
nlOsc;1;245077;0.377428
nlOsc;2;133058;0.383705
nlOsc;3;134262;0.38649
2massChain;0;24096;0.2607
2massChain;1;37944;0.327033
2massChain;2;15663;0.296406
2massChain;3;12829;0.298053
tinyString;0;1291956;0.514312
tinyString;1;1503630;0.495331
tinyString;2;1007210;0.515561
tinyString;3;440524;0.466324
pluckedString;0;3269862498;13.6784
pluckedString;1;2098220013;21.5205
pluckedString;2;3165909498;10.1709
pluckedString;3;1341071076;25.1068
bowedString;0;3290819582;19.713
bowedString;1;2613095316;5.14414
bowedString;2;3193165406;19.8411
bowedString;3;1393671969;20.0573
triangleMesh;0;488949688;10.3594
triangleMesh;1;602770010;10.4966
triangleMesh;2;467662500;10.4004
triangleMesh;3;359423229;8.93184
construction;0;399979471;28.5701
construction;1;959367219;33.8955
construction;2;356457989;34.9264
construction;3;3643010612;34.5594
polyTriangle;0;187730;0.434965
polyTriangle;1;208432;0.421589
polyTriangle;2;138393;0.46471
polyTriangle;3;112196;0.471146
physicalLFO;0;2896050;0.657744
physicalLFO;1;3449592;0.55345
physicalLFO;2;2780934;0.637135
physicalLFO;3;1566937;0.695082
modularInterpInstrMIDI;0;165013118;6.58436
modularInterpInstrMIDI;1;3147542361;6.71648
modularInterpInstrMIDI;2;4092986516;7.5625
modularInterpInstrMIDI;3;942463493;5.36013
nylonGuitarMIDI;0;13300191;2.26791
nylonGuitarMIDI;1;12522995;2.44576
nylonGuitarMIDI;2;11359417;2.81589
nylonGuitarMIDI;3;9626656;2.35327
harpe;0;11549165;1.21649
harpe;1;13212319;1.26527
harpe;2;10640833;1.29829
harpe;3;7053932;1.18979
karplus32;0;52125555;2.84987
karplus32;1;40335291;5.03607
karplus32;2;48770967;3.19374
karplus32;3;26828177;5.07999
karplus;0;33369;0.103932
karplus;1;38598;0.103873
karplus;2;26427;0.148635
karplus;3;24758;0.141103
russianBell;0;368118778;4.40442
russianBell;1;426981329;4.00928
russianBell;2;419119729;4.51951
russianBell;3;291065598;4.50044
standardBell;0;365988098;4.51563
standardBell;1;430376392;4.30231
standardBell;2;419844890;4.70857
standardBell;3;292583224;4.38356
violin;0;11724573;1.38327
violin;1;10721130;1.4227
violin;2;10204519;1.38047
violin;3;7241295;1.35773
violinMIDI;0;17053727;1.94657
violinMIDI;1;17097066;1.87091
violinMIDI;2;13586828;2.10093
violinMIDI;3;10997936;1.80474
vocalBP;0;3136262168;16.6131
vocalBP;1;3848749532;16.3421
vocalBP;2;3023446901;17.1885
vocalBP;3;2300781672;16.9914
vocalBPMIDI;0;3254257698;17.4745
vocalBPMIDI;1;4067731487;14.279
vocalBPMIDI;2;3239559436;17.6284
vocalBPMIDI;3;2501707331;16.9242
vocalFOF;0;2700862810;9.78249
vocalFOF;1;3175691615;7.0185
vocalFOF;2;2209726674;9.98862
vocalFOF;3;1836782836;8.33911
vocalFOFMIDI;0;2827280535;9.92762
vocalFOFMIDI;1;3370276125;7.39098
vocalFOFMIDI;2;2389744150;9.99335
vocalFOFMIDI;3;2021286004;8.54438
pitchShifter;0;44093;0.747517
pitchShifter;1;48078;0.799191
pitchShifter;2;29636;0.745919
pitchShifter;3;25095;0.763623
harmonicExciter;0;1058766;1.88621
harmonicExciter;1;1649300;1.89286
harmonicExciter;2;893773;1.88747
harmonicExciter;3;877172;1.88774
quantizedChords;0;1993568830;7.35894
quantizedChords;1;2448068940;7.12319
quantizedChords;2;194081072;6.72705
quantizedChords;3;4219683118;6.968
dattorro;0;2723435;0.523392
dattorro;1;2962981;0.522505
dattorro;2;2379514;0.579033
dattorro;3;1957940;0.62136
fdnRev;0;3694594784;29.9957
fdnRev;1;4112760727;22.191
fdnRev;2;936182686;29.9594
fdnRev;3;321468905;31.7208
freeverb;0;15260366;1.82025
freeverb;1;13368163;2.4849
freeverb;2;12717777;1.80113
freeverb;3;8370442;2.45722
greyhole;0;611378302;8.51969
greyhole;1;722000160;10.0356
greyhole;2;589851630;7.32016
greyhole;3;553620024;13.8166
jprev;0;2277380974;10.2725
jprev;1;2509351356;9.02558
jprev;2;2201499497;10.3113
jprev;3;2046001420;9.53697
reverbDesigner;0;3694594784;30.3411
reverbDesigner;1;4112760727;22.5162
reverbDesigner;2;936182686;30.3071
reverbDesigner;3;321468905;32.1672
reverbTank;0;671416545;12.0772
reverbTank;1;638394636;10.2518
reverbTank;2;648614647;11.1021
reverbTank;3;589286532;10.4388
reverbTester;0;29553;0.10541
reverbTester;1;72319;0.106182
reverbTester;2;22131;0.113913
reverbTester;3;23670;0.106183
vital_rev;0;4064322574;22.4963
vital_rev;1;4192258396;21.7357
vital_rev;2;3277422629;21.4431
vital_rev;3;2507639746;21.9123
zitaRev;0;143431505;2.63856
zitaRev;1;179487429;3.34598
zitaRev;2;90385745;2.50666
zitaRev;3;72557579;3.33506
zitaRevFDN;0;83147142;2.7345
zitaRevFDN;1;102973682;3.07629
zitaRevFDN;2;44786918;2.73352
zitaRevFDN;3;30454599;4.27724
16_channel_volume;0;2418190;5.75535
16_channel_volume;1;1910140;2.32166
16_channel_volume;2;1985808;2.3366
16_channel_volume;3;423402;2.50345
chorus;0;9011169;0.362658
chorus;1;10594341;0.276245
chorus;2;6322684;0.644048
chorus;3;5772872;0.579948
chorusForBrowser;0;9011169;0.374617
chorusForBrowser;1;10594341;0.27434
chorusForBrowser;2;6322684;0.662464
chorusForBrowser;3;5772872;0.579704
echoForBrowser;0;428185;0.268075
echoForBrowser;1;389647;0.252874
echoForBrowser;2;280174;0.302376
echoForBrowser;3;275450;0.254517
chorus;0;9011169;0.363065
chorus;1;10594341;0.274168
chorus;2;6322684;0.643441
chorus;3;5772872;0.597018
effectsForBrowser;0;110639532;3.27289
effectsForBrowser;1;118099951;2.68934
effectsForBrowser;2;89495067;3.34131
effectsForBrowser;3;84681168;2.68432
flanger;0;375777;0.415342
flanger;1;487021;0.428226
flanger;2;375669;0.440022
flanger;3;372050;0.415019
freeverb;0;1465187;0.988435
freeverb;1;1437704;1.09622
freeverb;2;1505745;1.31638
freeverb;3;830893;1.56699
flanger;0;375777;0.453769
flanger;1;487021;0.454133
flanger;2;375669;0.414813
flanger;3;372050;0.408909
flangerForBrowser;0;375777;0.415979
flangerForBrowser;1;487021;0.427479
flangerForBrowser;2;375669;0.427065
flangerForBrowser;3;372050;0.414797
freeverb;0;1465187;0.991768
freeverb;1;1437704;1.09745
freeverb;2;1505745;1.27349
freeverb;3;830893;1.52813
freeverbForBrowser;0;1465187;0.992783
freeverbForBrowser;1;1437704;1.11852
freeverbForBrowser;2;1505745;1.28415
freeverbForBrowser;3;830893;1.52237
sawtooth_synth;0;56650;0.181638
sawtooth_synth;1;76647;0.175332
sawtooth_synth;2;45869;0.078277
sawtooth_synth;3;45797;0.078361
sine_synth;0;7636;0.110987
sine_synth;1;13675;0.101995
sine_synth;2;7841;0.096797
sine_synth;3;7104;0.104296
virtualAnalog;0;244352306;7.12359
virtualAnalog;1;239437220;6.46269
virtualAnalog;2;;
virtualAnalog;3;229505624;6.11378
virtualAnalogForBrowser;0;254834975;6.64488
virtualAnalogForBrowser;1;248478088;6.14765
virtualAnalogForBrowser;2;;
virtualAnalogForBrowser;3;239218397;5.90801
virtualAnalogWithEffectsForBrowser;0;254834975;6.63495
virtualAnalogWithEffectsForBrowser;1;248462243;5.95399
virtualAnalogWithEffectsForBrowser;2;;
virtualAnalogWithEffectsForBrowser;3;239218397;6.77678
volume;0;2746;0.06542
volume;1;4982;0.065482
volume;2;1058;0.073007
volume;3;910;0.07452
acGuitar;0;903158843;8.88814
acGuitar;1;814186834;10.4722
acGuitar;2;843958315;9.45216
acGuitar;3;645701199;7.94085
elecGuitarEffect;0;160304638;2.58783
elecGuitarEffect;1;197734596;3.28508
elecGuitarEffect;2;101934580;3.2258
elecGuitarEffect;3;81797541;3.3817
myEffect;0;143431505;2.3724
myEffect;1;179483631;2.87986
myEffect;2;90385745;2.3353
myEffect;3;72557579;3.11031
reverb;0;143431505;2.45029
reverb;1;179483631;3.02172
reverb;2;90385745;2.33819
reverb;3;72557579;3.04535
bells;0;213298795;4.34883
bells;1;211242947;3.58863
bells;2;219937622;3.92587
bells;3;175379556;3.76371
bowed;0;4545983;1.12069
bowed;1;4684329;1.0172
bowed;2;3057170;1.03099
bowed;3;2849488;1.08929
brass;0;3917453;1.38836
brass;1;4398619;1.17319
brass;2;3027030;1.2478
brass;3;2409549;1.12948
clarinet;0;5296252;1.32784
clarinet;1;6837312;1.28065
clarinet;2;4040995;1.35197
clarinet;3;3731423;1.32634
crazyGuiro;0;3474046;0.712166
crazyGuiro;1;4545253;1.08214
crazyGuiro;2;3159558;0.644667
crazyGuiro;3;3014665;0.65124
drums;0;41136308;1.66943
drums;1;45006637;0.830607
drums;2;35171965;1.61535
drums;3;32259428;0.944084
dubDub;0;588089;0.975905
dubDub;1;678895;0.899372
dubDub;2;505226;0.94993
dubDub;3;502617;0.960693
elecGuitar;0;13042812;2.84192
elecGuitar;1;13568243;2.53939
elecGuitar;2;11952747;2.81716
elecGuitar;3;10815581;2.23276
fm;0;246140;0.241774
fm;1;237539;0.261649
fm;2;168962;0.255952
fm;3;167331;0.24841
frog;0;349076;0.828536
frog;1;426645;0.773792
frog;2;246225;0.728697
frog;3;235881;0.768753
harp;0;92144;0.102025
harp;1;94803;0.10203
harp;2;57521;0.102027
harp;3;54404;0.104704
midiOnly;0;333620;0.267949
midiOnly;1;336574;0.275159
midiOnly;2;233073;0.265265
midiOnly;3;237595;0.264765
multiSynth;0;2172109;1.10007
multiSynth;1;2415103;1.021
multiSynth;2;2026010;1.19582
multiSynth;3;1990227;1.21382
toy;0;624966;1.23316
toy;1;652048;1.17316
toy;2;535260;1.15799
toy;3;504579;1.14441
trumpet;0;385059;0.799161
trumpet;1;468249;0.807275
trumpet;2;338778;0.836419
trumpet;3;331099;0.836141
turenas;0;2095887;0.514744
turenas;1;2254303;0.515526
turenas;2;1600201;0.549441
turenas;3;1147381;0.533173
violin2;0;379446238;7.20998
violin2;1;357821446;5.50846
violin2;2;346378582;5.62409
violin2;3;226740379;6.87477
violin;0;390959168;6.9832
violin;1;364026968;5.68342
violin;2;356299543;5.81929
violin;3;232561802;7.00607
vocal;0;3048339783;15.5337
vocal;1;3686238269;13.6064
vocal;2;2700907592;14.8593
vocal;3;2134972461;14.5824
panpot;0;659;0.015678
panpot;1;581;0.016263
panpot;2;148;0.016318
panpot;3;164;0.016322
spat;0;876532;0.275398
spat;1;898866;0.27797
spat;2;539942;0.364284
spat;3;122085;0.253294
